gender,NationalITy,PlaceofBirth,StageID,StudentID,Topic,raisedhands,VisitedResources,viewingannouncements,Discussionoftests,ParentAnsweringSurvey,Feedback,StudentAbsenceDays,learnvernfeedback
M,KW,KuwaIT,lowerlevel,G-04,IT,15,16,2,20,Yes,Good,Under-7,M
M,KW,KuwaIT,lowerlevel,G-04,IT,20,20,3,25,Yes,Good,Under-7,M
M,KW,KuwaIT,lowerlevel,G-04,IT,10,7,0,30,No,Bad,Above-7,L
M,KW,KuwaIT,lowerlevel,G-04,IT,30,25,5,35,No,Bad,Above-7,L
M,KW,KuwaIT,lowerlevel,G-04,IT,40,50,12,50,No,Bad,Above-7,M
F,KW,KuwaIT,lowerlevel,G-04,IT,42,30,13,70,Yes,Bad,Above-7,M
M,KW,KuwaIT,MiddleSchool,G-07,Math,35,12,0,17,No,Bad,Above-7,L
M,KW,KuwaIT,MiddleSchool,G-07,Math,50,10,15,22,Yes,Good,Under-7,M
F,KW,KuwaIT,MiddleSchool,G-07,Math,12,21,16,50,Yes,Good,Under-7,M
F,KW,KuwaIT,MiddleSchool,G-07,IT,70,80,25,70,Yes,Good,Under-7,M
M,KW,KuwaIT,MiddleSchool,G-07,Math,50,88,30,80,Yes,Good,Under-7,H
M,KW,KuwaIT,MiddleSchool,G-07,Math,19,6,19,12,Yes,Good,Under-7,M
M,KW,KuwaIT,lowerlevel,G-04,IT,5,1,0,11,No,Bad,Above-7,L
M,lebanon,lebanon,MiddleSchool,G-08,Math,20,14,12,19,No,Bad,Above-7,L
F,KW,KuwaIT,MiddleSchool,G-08,Math,62,70,44,60,No,Bad,Above-7,H
F,KW,KuwaIT,MiddleSchool,G-06,IT,30,40,22,66,Yes,Good,Under-7,M
M,KW,KuwaIT,MiddleSchool,G-07,IT,36,30,20,80,No,Bad,Above-7,M
M,KW,KuwaIT,MiddleSchool,G-07,Math,55,13,35,90,No,Bad,Above-7,M
F,KW,KuwaIT,MiddleSchool,G-07,IT,69,15,36,96,Yes,Good,Under-7,M
M,KW,KuwaIT,MiddleSchool,G-07,IT,70,50,40,99,Yes,Good,Under-7,H
F,KW,KuwaIT,MiddleSchool,G-07,IT,60,60,33,90,No,Bad,Above-7,M
F,KW,KuwaIT,MiddleSchool,G-07,IT,10,12,4,80,No,Bad,Under-7,M
M,KW,KuwaIT,MiddleSchool,G-07,IT,15,21,2,90,No,Bad,Under-7,M
M,KW,KuwaIT,MiddleSchool,G-07,IT,2,0,2,50,No,Bad,Above-7,L
M,KW,KuwaIT,MiddleSchool,G-07,IT,0,2,3,70,Yes,Good,Above-7,L
M,KW,KuwaIT,MiddleSchool,G-07,IT,8,7,30,40,Yes,Good,Above-7,L
M,KW,KuwaIT,MiddleSchool,G-07,IT,19,19,25,40,Yes,Bad,Under-7,M
M,KW,KuwaIT,MiddleSchool,G-08,Arabic,25,15,12,33,No,Bad,Above-7,L
M,KW,KuwaIT,MiddleSchool,G-08,Science,75,85,52,43,Yes,Good,Under-7,M
F,KW,KuwaIT,MiddleSchool,G-08,Arabic,30,90,33,35,No,Bad,Under-7,M
F,KW,KuwaIT,MiddleSchool,G-08,Arabic,35,80,50,70,Yes,Good,Under-7,H
M,KW,KuwaIT,MiddleSchool,G-07,IT,4,5,40,16,Yes,Good,Above-7,L
F,KW,KuwaIT,lowerlevel,G-07,IT,2,19,10,50,Yes,Good,Above-7,L
M,KW,KuwaIT,lowerlevel,G-05,English,8,22,9,40,No,Bad,Above-7,L
M,KW,KuwaIT,MiddleSchool,G-07,Science,12,11,8,40,No,Bad,Above-7,L
M,KW,KuwaIT,MiddleSchool,G-07,English,10,12,17,30,No,Bad,Above-7,L
M,KW,KuwaIT,MiddleSchool,G-07,Science,8,6,4,22,Yes,Good,Above-7,L
F,Egypt,Egypt,MiddleSchool,G-07,IT,45,54,26,90,Yes,Good,Under-7,M
M,KW,KuwaIT,MiddleSchool,G-06,IT,0,0,0,4,No,Bad,Above-7,L
F,SaudiArabia,SaudiArabia,MiddleSchool,G-07,Science,50,90,37,70,Yes,Good,Under-7,M
F,KW,KuwaIT,MiddleSchool,G-07,IT,14,13,3,70,No,Bad,Above-7,L
M,KW,KuwaIT,MiddleSchool,G-07,IT,19,20,16,50,No,Good,Under-7,M
M,KW,KuwaIT,HighSchool,G-09,IT,10,12,7,33,Yes,Good,Above-7,L
F,KW,KuwaIT,HighSchool,G-09,IT,30,35,28,90,Yes,Good,Under-7,M
F,KW,KuwaIT,HighSchool,G-09,IT,33,33,30,90,No,Bad,Under-7,M
M,KW,KuwaIT,MiddleSchool,G-07,Quran,20,12,15,70,No,Good,Above-7,L
M,KW,KuwaIT,lowerlevel,G-05,English,7,10,1,30,No,Bad,Above-7,L
F,KW,KuwaIT,HighSchool,G-12,English,70,4,39,90,Yes,Good,Under-7,H
F,KW,KuwaIT,HighSchool,G-12,English,13,80,40,88,Yes,Good,Under-7,H
F,KW,KuwaIT,HighSchool,G-12,English,29,39,50,77,Yes,Good,Under-7,M
F,KW,KuwaIT,HighSchool,G-12,English,20,14,12,70,No,Bad,Above-7,L
M,KW,KuwaIT,HighSchool,G-12,English,39,15,16,50,No,Good,Above-7,L
F,KW,KuwaIT,HighSchool,G-12,English,55,90,16,40,No,Bad,Under-7,M
F,KW,KuwaIT,HighSchool,G-11,Science,49,70,19,75,Yes,Good,Under-7,H
M,KW,KuwaIT,HighSchool,G-12,English,12,50,8,30,No,Bad,Above-7,L
M,KW,KuwaIT,MiddleSchool,G-07,Math,16,14,6,20,Yes,Good,Above-7,L
M,USA,USA,MiddleSchool,G-08,Math,19,5,4,1,Yes,Good,Above-7,L
M,KW,KuwaIT,MiddleSchool,G-07,Math,5,2,6,5,Yes,Good,Above-7,L
M,KW,KuwaIT,MiddleSchool,G-07,Math,28,60,19,50,Yes,Good,Under-7,M
F,USA,USA,MiddleSchool,G-07,Math,27,22,22,40,No,Good,Under-7,M
F,Jordan,Jordan,lowerlevel,G-05,English,21,10,28,20,No,Good,Above-7,L
M,KW,KuwaIT,HighSchool,G-10,IT,50,70,32,40,Yes,Good,Under-7,M
M,venzuela,venzuela,HighSchool,G-10,IT,80,90,70,80,Yes,Good,Under-7,H
M,KW,KuwaIT,HighSchool,G-10,IT,17,13,16,12,Yes,Bad,Under-7,M
M,KW,KuwaIT,HighSchool,G-10,IT,0,5,7,2,No,Bad,Above-7,L
M,KW,KuwaIT,HighSchool,G-12,English,13,5,18,19,No,Bad,Above-7,L
F,KW,KuwaIT,HighSchool,G-12,English,25,10,19,30,No,Bad,Above-7,M
F,USA,USA,HighSchool,G-12,English,65,75,23,80,Yes,Good,Under-7,H
F,USA,USA,HighSchool,G-12,IT,70,69,35,30,Yes,Good,Under-7,H
M,Jordan,Jordan,MiddleSchool,G-07,IT,39,40,11,33,No,Bad,Under-7,M
M,Jordan,Jordan,MiddleSchool,G-07,IT,22,30,10,12,Yes,Good,Above-7,L
M,KW,KuwaIT,MiddleSchool,G-07,IT,29,22,9,20,Yes,Good,Under-7,M
M,KW,KuwaIT,MiddleSchool,G-07,Math,11,2,2,8,No,Bad,Under-7,L
F,KW,KuwaIT,MiddleSchool,G-07,English,19,30,26,19,Yes,Bad,Above-7,M
M,KW,KuwaIT,MiddleSchool,G-07,IT,12,0,6,13,No,Bad,Under-7,L
M,Jordan,Jordan,MiddleSchool,G-07,Quran,50,90,29,60,Yes,Good,Under-7,M
M,Iran,Iran,HighSchool,G-09,IT,15,70,37,44,Yes,Good,Under-7,M
M,KW,KuwaIT,HighSchool,G-09,IT,20,80,33,33,Yes,Good,Under-7,M
M,KW,KuwaIT,HighSchool,G-11,Quran,13,3,11,9,No,Bad,Above-7,L
F,lebanon,lebanon,MiddleSchool,G-07,Math,80,90,49,55,Yes,Bad,Under-7,H
M,KW,KuwaIT,MiddleSchool,G-07,Math,8,15,10,40,Yes,Bad,Under-7,L
M,KW,KuwaIT,lowerlevel,G-02,IT,8,25,1,70,No,Bad,Above-7,L
M,KW,KuwaIT,lowerlevel,G-02,IT,7,5,2,80,Yes,Good,Above-7,L
M,KW,KuwaIT,lowerlevel,G-02,IT,7,4,10,50,No,Good,Above-7,M
M,KW,KuwaIT,lowerlevel,G-02,IT,50,70,50,10,Yes,Good,Above-7,H
M,KW,KuwaIT,lowerlevel,G-02,IT,1,0,1,12,No,Bad,Above-7,L
M,SaudiArabia,SaudiArabia,lowerlevel,G-02,IT,70,12,40,50,Yes,Good,Under-7,H
M,KW,KuwaIT,lowerlevel,G-02,IT,19,70,3,50,No,Bad,Under-7,L
F,KW,KuwaIT,lowerlevel,G-02,IT,3,12,4,33,No,Bad,Under-7,L
M,KW,KuwaIT,lowerlevel,G-02,IT,5,20,1,50,Yes,Good,Above-7,L
M,KW,KuwaIT,lowerlevel,G-02,IT,4,8,10,60,Yes,Good,Above-7,L
M,KW,KuwaIT,lowerlevel,G-02,IT,80,90,55,19,Yes,Good,Under-7,H
F,KW,KuwaIT,lowerlevel,G-02,IT,50,70,19,15,Yes,Good,Under-7,H
M,USA,USA,lowerlevel,G-02,IT,55,89,40,40,Yes,Good,Under-7,H
F,KW,KuwaIT,lowerlevel,G-02,IT,80,44,35,10,No,Good,Above-7,L
F,KW,KuwaIT,lowerlevel,G-02,IT,100,80,2,70,No,Bad,Under-7,H
F,KW,KuwaIT,lowerlevel,G-02,IT,14,60,11,75,Yes,Good,Under-7,H
F,KW,KuwaIT,lowerlevel,G-02,IT,6,2,38,12,No,Bad,Under-7,M
F,KW,KuwaIT,lowerlevel,G-02,IT,10,3,0,30,No,Bad,Under-7,M
M,KW,KuwaIT,lowerlevel,G-02,IT,50,7,9,50,Yes,Bad,Above-7,M
M,KW,KuwaIT,lowerlevel,G-02,IT,50,90,40,90,Yes,Bad,Under-7,M
F,KW,KuwaIT,lowerlevel,G-02,IT,70,92,50,7,Yes,Good,Under-7,H
F,KW,KuwaIT,lowerlevel,G-02,IT,2,6,2,8,No,Bad,Above-7,L
M,KW,KuwaIT,lowerlevel,G-02,IT,1,7,6,10,No,Bad,Above-7,L
M,KW,KuwaIT,lowerlevel,G-02,IT,0,12,3,3,Yes,Good,Above-7,M
F,KW,KuwaIT,lowerlevel,G-02,IT,0,0,5,80,Yes,Good,Above-7,L
F,KW,KuwaIT,lowerlevel,G-02,IT,12,26,7,40,Yes,Good,Under-7,M
M,KW,KuwaIT,lowerlevel,G-02,IT,70,90,41,33,Yes,Bad,Under-7,H
M,SaudiArabia,SaudiArabia,lowerlevel,G-02,IT,7,12,5,3,No,Bad,Above-7,M
M,KW,KuwaIT,lowerlevel,G-02,IT,90,70,30,14,No,Bad,Under-7,M
F,Jordan,Jordan,lowerlevel,G-02,IT,70,88,55,40,Yes,Good,Under-7,H
M,KW,KuwaIT,lowerlevel,G-02,IT,77,80,51,80,No,Good,Under-7,M
M,KW,KuwaIT,lowerlevel,G-02,IT,2,5,3,50,No,Bad,Above-7,L
M,KW,KuwaIT,lowerlevel,G-02,IT,25,27,0,69,No,Bad,Above-7,L
M,KW,KuwaIT,lowerlevel,G-02,IT,11,2,0,50,No,Bad,Above-7,L
M,KW,KuwaIT,lowerlevel,G-02,IT,0,8,11,70,Yes,Good,Above-7,L
F,KW,KuwaIT,lowerlevel,G-02,IT,77,80,12,19,Yes,Good,Above-7,M
F,KW,KuwaIT,lowerlevel,G-02,IT,25,29,40,17,No,Good,Under-7,H
F,KW,KuwaIT,lowerlevel,G-02,IT,24,35,23,22,Yes,Good,Above-7,M
M,KW,KuwaIT,lowerlevel,G-02,IT,60,60,3,60,No,Bad,Under-7,M
M,KW,KuwaIT,lowerlevel,G-02,IT,21,12,0,50,Yes,Good,Under-7,M
M,KW,KuwaIT,lowerlevel,G-02,IT,0,4,8,30,No,Bad,Above-7,L
F,KW,KuwaIT,lowerlevel,G-02,IT,66,90,55,12,Yes,Good,Above-7,M
F,lebanon,lebanon,lowerlevel,G-02,IT,70,98,7,5,Yes,Good,Under-7,M
M,KW,KuwaIT,lowerlevel,G-02,IT,0,6,4,15,Yes,Bad,Under-7,L
M,KW,KuwaIT,lowerlevel,G-02,IT,12,30,0,17,No,Good,Above-7,L
F,Iran,Iran,lowerlevel,G-02,IT,2,9,7,55,Yes,Good,Under-7,M
M,KW,KuwaIT,lowerlevel,G-02,IT,55,33,6,9,No,Bad,Above-7,L
M,KW,KuwaIT,lowerlevel,G-02,IT,12,10,20,16,No,Bad,Under-7,L
M,KW,KuwaIT,lowerlevel,G-02,IT,70,90,2,2,Yes,Good,Under-7,L
F,KW,KuwaIT,lowerlevel,G-02,IT,7,9,5,30,No,Bad,Above-7,L
M,Jordan,Jordan,lowerlevel,G-02,IT,80,42,20,50,Yes,Good,Under-7,M
M,KW,KuwaIT,lowerlevel,G-02,IT,0,3,10,3,No,Bad,Above-7,L
M,KW,KuwaIT,lowerlevel,G-02,IT,12,60,0,70,Yes,Good,Above-7,L
M,KW,KuwaIT,MiddleSchool,G-07,Quran,80,80,15,70,Yes,Good,Under-7,H
F,Egypt,Egypt,MiddleSchool,G-07,Quran,70,80,95,70,Yes,Good,Under-7,H
F,KW,USA,HighSchool,G-11,Quran,70,80,95,70,Yes,Good,Under-7,H
F,KW,USA,HighSchool,G-11,Quran,60,80,50,40,No,Bad,Under-7,M
F,Jordan,Egypt,MiddleSchool,G-07,Quran,100,80,95,90,No,Bad,Under-7,H
M,Jordan,USA,MiddleSchool,G-07,Quran,100,85,85,70,No,Bad,Under-7,M
M,Tunis,Tunis,MiddleSchool,G-07,Quran,10,60,5,20,Yes,Bad,Above-7,L
M,Tunis,Tunis,MiddleSchool,G-07,Quran,19,65,50,10,No,Bad,Above-7,L
M,Tunis,Tunis,MiddleSchool,G-07,Quran,10,75,55,11,Yes,Good,Under-7,M
M,KW,KuwaIT,MiddleSchool,G-07,Quran,80,90,55,19,Yes,Good,Under-7,H
M,KW,KuwaIT,MiddleSchool,G-07,Quran,10,10,15,19,No,Bad,Above-7,L
M,Tunis,SaudiArabia,MiddleSchool,G-07,Quran,70,75,55,11,Yes,Bad,Under-7,M
F,lebanon,lebanon,MiddleSchool,G-07,Quran,100,75,50,70,Yes,Good,Under-7,H
F,lebanon,lebanon,MiddleSchool,G-07,Quran,10,79,30,30,No,Bad,Under-7,M
F,Jordan,Jordan,MiddleSchool,G-07,Quran,60,55,30,40,No,Bad,Under-7,M
F,Jordan,lebanon,MiddleSchool,G-07,Quran,100,75,50,70,Yes,Bad,Under-7,H
M,SaudiArabia,SaudiArabia,HighSchool,G-11,Quran,80,80,51,59,Yes,Good,Under-7,H
M,SaudiArabia,USA,HighSchool,G-11,Science,23,63,71,89,Yes,Good,Under-7,M
F,SaudiArabia,USA,HighSchool,G-11,Science,100,91,98,40,Yes,Bad,Under-7,H
M,SaudiArabia,USA,HighSchool,G-11,Spanish,10,51,40,40,No,Bad,Above-7,L
M,SaudiArabia,USA,HighSchool,G-11,English,70,50,33,41,No,Bad,Above-7,M
M,SaudiArabia,USA,HighSchool,G-11,Math,70,58,73,91,Yes,Bad,Under-7,H
F,Tunis,USA,HighSchool,G-11,French,70,50,30,49,Yes,Good,Under-7,M
M,Tunis,Tunis,HighSchool,G-11,Science,70,50,33,40,No,Good,Under-7,M
M,Tunis,KuwaIT,MiddleSchool,G-07,Science,22,51,48,10,No,Bad,Above-7,L
F,KW,KuwaIT,MiddleSchool,G-07,Science,62,68,48,80,Yes,Good,Under-7,M
F,Jordan,Jordan,MiddleSchool,G-07,Science,82,89,58,50,Yes,Good,Under-7,H
M,Jordan,Jordan,MiddleSchool,G-07,Science,72,80,58,66,No,Bad,Under-7,M
F,Jordan,Jordan,lowerlevel,G-02,French,70,82,3,73,No,Bad,Under-7,H
F,Jordan,USA,lowerlevel,G-02,French,60,82,93,43,No,Bad,Above-7,M
M,Jordan,Jordan,lowerlevel,G-02,French,55,72,83,14,Yes,Good,Above-7,M
F,Morocco,Morocco,lowerlevel,G-02,French,72,65,73,66,Yes,Good,Under-7,H
M,KW,KuwaIT,lowerlevel,G-02,French,51,82,53,43,No,Bad,Under-7,M
M,Tunis,Tunis,lowerlevel,G-02,French,80,92,83,43,Yes,Good,Under-7,H
M,KW,KuwaIT,lowerlevel,G-02,French,60,52,23,33,Yes,Good,Under-7,H
M,KW,KuwaIT,lowerlevel,G-02,French,30,12,29,23,No,Bad,Under-7,M
M,KW,KuwaIT,lowerlevel,G-02,French,40,62,83,33,Yes,Good,Under-7,H
M,KW,KuwaIT,lowerlevel,G-02,French,60,52,23,33,No,Good,Under-7,M
M,Iran,Iran,lowerlevel,G-02,French,20,22,53,13,No,Good,Above-7,L
M,Syria,Syria,lowerlevel,G-02,French,20,52,23,33,Yes,Good,Above-7,L
F,Jordan,Jordan,lowerlevel,G-02,French,50,62,73,43,Yes,Bad,Above-7,M
M,Iran,Iran,lowerlevel,G-02,French,10,2,13,53,No,Bad,Above-7,L
M,Tunis,Tunis,lowerlevel,G-02,French,60,52,23,33,Yes,Bad,Under-7,H
F,USA,USA,lowerlevel,G-02,French,15,52,83,11,Yes,Bad,Under-7,M
F,lebanon,lebanon,lowerlevel,G-02,French,80,42,33,13,Yes,Bad,Under-7,H
M,lebanon,lebanon,lowerlevel,G-02,French,40,51,20,33,No,Bad,Under-7,M
F,SaudiArabia,SaudiArabia,lowerlevel,G-02,French,60,70,63,93,Yes,Bad,Under-7,H
M,Jordan,Jordan,lowerlevel,G-02,French,50,62,13,33,No,Bad,Above-7,L
M,KW,KuwaIT,MiddleSchool,G-08,Arabic,85,75,62,53,Yes,Bad,Under-7,H
F,lebanon,lebanon,MiddleSchool,G-08,Arabic,25,15,32,53,No,Bad,Under-7,M
M,lebanon,lebanon,MiddleSchool,G-08,Arabic,10,35,30,13,No,Bad,Above-7,L
M,lebanon,Jordan,MiddleSchool,G-08,Arabic,87,65,82,33,Yes,Good,Under-7,H
M,KW,KuwaIT,MiddleSchool,G-08,Arabic,85,15,22,53,Yes,Good,Under-7,M
F,KW,KuwaIT,MiddleSchool,G-08,Arabic,80,71,52,51,Yes,Good,Under-7,M
M,KW,KuwaIT,MiddleSchool,G-08,Arabic,75,71,72,53,Yes,Good,Under-7,H
F,KW,KuwaIT,MiddleSchool,G-08,Arabic,85,66,12,23,No,Bad,Under-7,M
M,KW,KuwaIT,MiddleSchool,G-08,Arabic,23,25,32,53,No,Bad,Under-7,L
M,KW,KuwaIT,MiddleSchool,G-08,Arabic,15,25,37,13,Yes,Good,Above-7,L
M,KW,KuwaIT,MiddleSchool,G-08,Arabic,95,91,62,53,Yes,Good,Under-7,M
M,Morocco,Morocco,MiddleSchool,G-08,Arabic,81,75,62,53,No,Bad,Under-7,M
M,Morocco,Morocco,MiddleSchool,G-08,Arabic,53,75,72,23,No,Bad,Under-7,M
M,KW,KuwaIT,MiddleSchool,G-08,Arabic,15,43,42,33,Yes,Good,Under-7,M
M,KW,KuwaIT,MiddleSchool,G-08,Arabic,92,65,62,53,Yes,Good,Under-7,H
M,KW,KuwaIT,MiddleSchool,G-08,Arabic,83,75,62,53,No,Bad,Under-7,H
M,Morocco,Morocco,MiddleSchool,G-08,Arabic,27,15,42,53,No,Bad,Above-7,L
M,KW,KuwaIT,MiddleSchool,G-08,Arabic,45,95,12,13,No,Bad,Under-7,M
M,KW,KuwaIT,MiddleSchool,G-08,Arabic,15,90,52,83,Yes,Bad,Under-7,H
F,lebanon,lebanon,MiddleSchool,G-08,Arabic,45,58,52,43,Yes,Good,Under-7,H
M,KW,KuwaIT,MiddleSchool,G-08,Arabic,25,5,12,33,Yes,Good,Under-7,M
F,KW,KuwaIT,MiddleSchool,G-08,Arabic,22,51,42,40,Yes,Bad,Under-7,M
M,Jordan,Jordan,MiddleSchool,G-08,Arabic,29,10,12,24,No,Bad,Above-7,L
F,SaudiArabia,SaudiArabia,MiddleSchool,G-08,Arabic,72,51,42,24,Yes,Bad,Above-7,H
M,KW,KuwaIT,MiddleSchool,G-08,Arabic,67,31,42,14,Yes,Good,Under-7,M
M,KW,KuwaIT,MiddleSchool,G-08,Spanish,17,21,42,14,Yes,Good,Under-7,M
M,Tunis,Tunis,MiddleSchool,G-08,Spanish,27,41,49,14,No,Bad,Under-7,M
M,KW,KuwaIT,MiddleSchool,G-08,Spanish,70,81,39,84,No,Bad,Under-7,M
M,Jordan,SaudiArabia,MiddleSchool,G-08,Spanish,27,90,82,14,Yes,Good,Under-7,H
M,KW,KuwaIT,MiddleSchool,G-08,Spanish,17,61,42,14,No,Bad,Under-7,M
M,Tunis,Tunis,MiddleSchool,G-08,Spanish,87,81,42,19,Yes,Good,Under-7,H
M,Tunis,Tunis,MiddleSchool,G-08,Spanish,7,61,22,14,No,Bad,Above-7,L
M,KW,KuwaIT,MiddleSchool,G-08,Spanish,17,50,2,4,No,Bad,Above-7,L
M,KW,KuwaIT,MiddleSchool,G-08,Spanish,5,21,42,14,No,Good,Above-7,L
M,Iran,Iran,MiddleSchool,G-08,Spanish,27,41,32,61,Yes,Bad,Above-7,M
F,Jordan,KuwaIT,MiddleSchool,G-08,Spanish,87,88,40,10,Yes,Good,Under-7,M
M,KW,KuwaIT,MiddleSchool,G-08,Spanish,96,61,42,94,Yes,Bad,Under-7,H
M,KW,KuwaIT,MiddleSchool,G-08,Spanish,57,51,46,34,Yes,Good,Under-7,M
M,lebanon,lebanon,MiddleSchool,G-08,Spanish,77,69,41,13,Yes,Good,Under-7,M
M,lebanon,lebanon,MiddleSchool,G-08,Spanish,80,51,40,24,No,Good,Under-7,M
M,KW,KuwaIT,MiddleSchool,G-08,Spanish,62,61,82,40,Yes,Bad,Under-7,M
M,KW,KuwaIT,MiddleSchool,G-08,Spanish,72,83,12,90,Yes,Good,Under-7,H
M,KW,KuwaIT,MiddleSchool,G-08,Spanish,87,81,22,70,Yes,Bad,Under-7,H
M,KW,KuwaIT,MiddleSchool,G-08,Spanish,72,90,12,30,No,Bad,Under-7,M
M,KW,KuwaIT,MiddleSchool,G-08,Spanish,2,11,62,30,No,Bad,Under-7,L
M,KW,KuwaIT,MiddleSchool,G-08,Spanish,5,3,2,10,Yes,Good,Under-7,L
M,KW,KuwaIT,HighSchool,G-11,Math,73,84,77,81,Yes,Good,Above-7,H
M,KW,KuwaIT,MiddleSchool,G-08,Spanish,5,17,21,10,No,Bad,Above-7,L
M,Iran,Iran,MiddleSchool,G-08,Spanish,51,42,12,29,No,Bad,Above-7,M
M,Syria,Jordan,MiddleSchool,G-08,Spanish,9,7,21,20,Yes,Good,Above-7,L
M,Syria,Syria,MiddleSchool,G-07,Quran,19,72,15,50,Yes,Good,Above-7,M
F,Jordan,Jordan,MiddleSchool,G-07,Science,32,80,58,46,Yes,Good,Above-7,M
M,KW,KuwaIT,MiddleSchool,G-07,Science,32,60,58,66,Yes,Good,Above-7,M
M,KW,KuwaIT,MiddleSchool,G-07,Science,12,8,18,26,No,Bad,Above-7,L
M,Jordan,Jordan,MiddleSchool,G-07,Science,52,10,13,6,No,Bad,Above-7,L
M,KW,KuwaIT,MiddleSchool,G-07,Science,72,80,58,66,Yes,Good,Above-7,M
F,KW,KuwaIT,MiddleSchool,G-07,Science,72,80,58,66,Yes,Good,Above-7,M
M,Egypt,Egypt,MiddleSchool,G-07,Science,92,80,88,76,Yes,Good,Under-7,H
M,KW,KuwaIT,MiddleSchool,G-07,Science,72,80,98,96,Yes,Bad,Under-7,H
M,Egypt,Egypt,MiddleSchool,G-07,Science,72,80,58,86,Yes,Good,Under-7,M
M,KW,KuwaIT,MiddleSchool,G-07,Science,22,20,18,6,No,Bad,Above-7,L
M,Egypt,KuwaIT,MiddleSchool,G-07,Science,12,20,38,46,No,Bad,Above-7,M
M,KW,KuwaIT,MiddleSchool,G-07,IT,70,92,83,85,Yes,Bad,Under-7,H
F,KW,KuwaIT,MiddleSchool,G-06,IT,50,40,52,66,Yes,Bad,Under-7,M
F,KW,KuwaIT,MiddleSchool,G-06,Science,80,94,62,77,Yes,Good,Under-7,H
F,KW,KuwaIT,MiddleSchool,G-06,Math,87,48,82,96,No,Bad,Above-7,M
F,KW,KuwaIT,MiddleSchool,G-06,Quran,70,40,2,16,No,Bad,Above-7,L
M,KW,KuwaIT,lowerlevel,G-04,IT,65,86,62,40,No,Good,Above-7,M
M,KW,KuwaIT,lowerlevel,G-04,Math,15,6,32,40,Yes,Good,Under-7,H
M,Egypt,Egypt,lowerlevel,G-04,English,19,74,32,17,No,Good,Above-7,L
F,KW,KuwaIT,lowerlevel,G-04,Science,69,76,82,94,No,Bad,Under-7,M
M,KW,KuwaIT,lowerlevel,G-04,Arabic,39,26,12,44,No,Bad,Above-7,L
M,KW,KuwaIT,lowerlevel,G-04,English,59,97,42,70,Yes,Good,Under-7,H
M,KW,KuwaIT,lowerlevel,G-04,History,10,17,12,40,Yes,Good,Under-7,H
F,KW,KuwaIT,lowerlevel,G-04,History,80,87,72,60,No,Good,Under-7,H
F,KW,KuwaIT,lowerlevel,G-04,History,70,99,66,65,No,Good,Under-7,M
F,KW,KuwaIT,lowerlevel,G-04,History,80,97,86,95,Yes,Good,Under-7,M
M,KW,KuwaIT,lowerlevel,G-04,English,69,34,12,17,No,Bad,Above-7,L
M,KW,KuwaIT,lowerlevel,G-04,History,10,17,12,14,No,Bad,Above-7,L
M,KW,KuwaIT,lowerlevel,G-04,History,61,97,82,64,Yes,Bad,Above-7,M
F,KW,KuwaIT,lowerlevel,G-04,History,21,27,52,34,Yes,Good,Above-7,M
M,Egypt,Egypt,lowerlevel,G-04,Math,49,94,42,7,No,Bad,Above-7,M
F,Jordan,Jordan,MiddleSchool,G-06,English,70,64,42,32,No,Bad,Under-7,M
F,Jordan,Jordan,MiddleSchool,G-06,English,79,84,82,37,No,Bad,Under-7,H
M,Jordan,Jordan,MiddleSchool,G-06,English,19,80,12,17,Yes,Good,Above-7,M
M,Jordan,Jordan,MiddleSchool,G-06,English,11,70,32,29,Yes,Good,Above-7,M
M,Jordan,Jordan,MiddleSchool,G-06,English,10,8,10,10,Yes,Bad,Above-7,M
M,Jordan,Jordan,MiddleSchool,G-06,English,18,28,40,20,Yes,Bad,Above-7,M
F,Jordan,Jordan,MiddleSchool,G-06,English,90,84,52,30,No,Good,Under-7,H
F,Jordan,Jordan,MiddleSchool,G-06,English,92,81,32,36,No,Good,Under-7,M
M,Jordan,Jordan,MiddleSchool,G-06,English,42,21,2,16,No,Bad,Under-7,M
M,Jordan,Jordan,MiddleSchool,G-06,English,22,20,6,26,No,Bad,Under-7,H
F,lebanon,lebanon,MiddleSchool,G-06,English,95,82,82,70,Yes,Good,Under-7,H
F,lebanon,lebanon,MiddleSchool,G-06,English,90,62,80,60,Yes,Good,Under-7,H
M,Palestine,Jordan,MiddleSchool,G-06,English,72,21,22,26,Yes,Good,Under-7,H
M,Palestine,Jordan,MiddleSchool,G-06,English,92,31,42,27,Yes,Good,Under-7,H
M,Palestine,Jordan,MiddleSchool,G-06,English,82,31,52,25,No,Good,Under-7,M
M,Palestine,Jordan,MiddleSchool,G-06,English,72,41,46,27,No,Good,Under-7,M
M,Iraq,Iraq,MiddleSchool,G-06,English,74,71,56,37,No,Good,Under-7,H
M,Iraq,Iraq,MiddleSchool,G-06,English,74,60,56,37,No,Good,Under-7,H
F,Jordan,Jordan,MiddleSchool,G-06,English,95,94,72,80,No,Good,Under-7,H
F,Jordan,Jordan,MiddleSchool,G-06,English,97,87,82,86,No,Good,Under-7,H
M,Jordan,Jordan,MiddleSchool,G-06,English,40,38,32,36,No,Bad,Above-7,M
M,Jordan,Jordan,MiddleSchool,G-06,English,41,39,35,39,Yes,Bad,Above-7,M
F,Jordan,Jordan,MiddleSchool,G-06,English,51,79,85,89,Yes,Good,Under-7,H
F,Jordan,Jordan,MiddleSchool,G-06,English,81,79,91,85,Yes,Good,Under-7,H
M,Palestine,Jordan,MiddleSchool,G-06,English,71,70,65,69,Yes,Good,Under-7,M
M,Palestine,Jordan,MiddleSchool,G-06,English,75,71,76,80,Yes,Good,Under-7,M
F,Jordan,Jordan,lowerlevel,G-04,Science,49,36,32,44,No,Bad,Above-7,L
F,Jordan,Jordan,lowerlevel,G-04,Science,42,24,12,24,No,Bad,Above-7,L
F,Palestine,Palestine,lowerlevel,G-04,Science,90,86,82,74,Yes,Good,Under-7,H
F,Palestine,Palestine,lowerlevel,G-04,Science,62,64,72,84,Yes,Good,Under-7,H
M,Iraq,Iraq,lowerlevel,G-04,Science,90,86,82,74,Yes,Good,Above-7,M
M,Iraq,Iraq,lowerlevel,G-04,Science,62,64,72,84,Yes,Good,Above-7,M
F,Jordan,Jordan,lowerlevel,G-04,Science,98,87,86,84,No,Good,Under-7,H
F,Jordan,Jordan,lowerlevel,G-04,Science,72,74,82,89,No,Good,Under-7,H
M,Jordan,Jordan,lowerlevel,G-04,Science,18,17,26,34,No,Good,Above-7,M
M,Jordan,Jordan,lowerlevel,G-04,Science,32,14,32,29,No,Good,Above-7,M
M,Jordan,Jordan,lowerlevel,G-04,Science,10,12,20,13,No,Bad,Above-7,L
M,Jordan,Jordan,lowerlevel,G-04,Science,22,34,15,9,No,Bad,Above-7,L
F,Jordan,Jordan,lowerlevel,G-04,Science,11,20,21,23,No,Bad,Under-7,M
F,Jordan,Jordan,lowerlevel,G-04,Science,12,44,25,39,No,Bad,Under-7,M
F,Jordan,Jordan,lowerlevel,G-04,Science,15,50,24,43,Yes,Bad,Under-7,M
F,Jordan,Jordan,lowerlevel,G-04,Science,32,44,29,89,Yes,Bad,Under-7,M
M,Jordan,Jordan,lowerlevel,G-04,Science,65,59,74,83,Yes,Good,Under-7,H
M,Jordan,Jordan,lowerlevel,G-04,Science,72,64,59,89,Yes,Good,Under-7,H
M,Palestine,Jordan,lowerlevel,G-04,Science,95,57,74,89,Yes,Good,Above-7,M
M,Palestine,Jordan,lowerlevel,G-04,Science,82,84,79,79,Yes,Good,Above-7,M
M,Jordan,Jordan,lowerlevel,G-04,Science,25,29,34,33,No,Good,Above-7,M
M,Jordan,Jordan,lowerlevel,G-04,Science,42,34,29,39,No,Good,Above-7,M
F,Jordan,Jordan,lowerlevel,G-04,Science,55,79,44,43,Yes,Good,Under-7,H
F,Jordan,Jordan,lowerlevel,G-04,Science,62,64,69,49,Yes,Good,Under-7,H
F,Jordan,lebanon,lowerlevel,G-04,Science,78,88,74,83,Yes,Good,Under-7,H
F,Jordan,lebanon,lowerlevel,G-04,Science,72,84,89,89,Yes,Good,Under-7,H
M,Jordan,Jordan,lowerlevel,G-02,French,60,92,83,23,Yes,Good,Under-7,H
M,Jordan,Jordan,lowerlevel,G-02,French,50,90,83,13,Yes,Good,Under-7,H
F,Jordan,Jordan,lowerlevel,G-02,French,60,97,13,3,Yes,Good,Under-7,H
F,Jordan,Jordan,lowerlevel,G-02,French,50,95,23,10,Yes,Good,Under-7,H
F,Jordan,Jordan,lowerlevel,G-02,French,60,87,23,11,Yes,Good,Above-7,M
F,Jordan,Jordan,lowerlevel,G-02,French,50,80,20,15,Yes,Good,Above-7,M
M,Jordan,Jordan,lowerlevel,G-02,French,10,15,10,21,No,Bad,Above-7,L
M,Jordan,Jordan,lowerlevel,G-02,French,30,10,20,5,No,Bad,Above-7,L
M,Syria,Syria,lowerlevel,G-02,French,24,35,18,31,No,Bad,Under-7,M
M,Syria,Syria,lowerlevel,G-02,French,27,20,33,35,No,Bad,Under-7,M
M,Jordan,Jordan,lowerlevel,G-02,French,10,15,10,21,No,Bad,Above-7,L
M,Jordan,Jordan,lowerlevel,G-02,French,30,10,20,5,No,Bad,Above-7,L
F,Jordan,Palestine,lowerlevel,G-02,French,80,77,63,83,Yes,Good,Under-7,M
F,Jordan,Palestine,lowerlevel,G-02,French,75,85,73,80,Yes,Good,Under-7,M
M,Jordan,Jordan,lowerlevel,G-02,French,40,7,50,41,No,Good,Above-7,L
M,Jordan,Jordan,lowerlevel,G-02,French,35,2,29,33,No,Good,Above-7,L
F,Jordan,Jordan,lowerlevel,G-02,French,10,90,30,21,No,Good,Under-7,M
F,Jordan,Jordan,lowerlevel,G-02,French,25,80,29,23,No,Good,Under-7,M
M,Lybia,Lybia,lowerlevel,G-02,French,10,8,9,3,No,Good,Above-7,L
M,Lybia,Lybia,lowerlevel,G-02,French,15,7,12,7,No,Good,Above-7,L
F,Palestine,Jordan,lowerlevel,G-02,French,70,90,20,21,No,Good,Under-7,M
F,Palestine,Jordan,lowerlevel,G-02,French,75,80,15,20,No,Good,Under-7,M
F,Palestine,Jordan,lowerlevel,G-02,French,78,98,10,11,No,Good,Under-7,M
F,Palestine,Jordan,lowerlevel,G-02,French,79,89,11,14,No,Good,Under-7,M
F,Iraq,Iraq,lowerlevel,G-02,French,16,90,15,11,No,Good,Under-7,M
F,Iraq,Iraq,lowerlevel,G-02,French,17,80,13,10,No,Good,Under-7,M
M,Jordan,Jordan,lowerlevel,G-02,French,40,87,50,41,No,Bad,Under-7,M
M,Jordan,Jordan,lowerlevel,G-02,French,35,92,29,33,No,Bad,Under-7,M
F,Jordan,Jordan,lowerlevel,G-02,French,14,97,15,14,No,Good,Under-7,H
F,Jordan,Jordan,lowerlevel,G-02,French,13,82,20,30,No,Good,Under-7,H
F,Jordan,Jordan,lowerlevel,G-02,French,24,97,15,14,No,Good,Under-7,H
F,Jordan,Jordan,lowerlevel,G-02,French,23,82,20,30,No,Good,Under-7,H
M,Lybia,Lybia,lowerlevel,G-02,French,20,3,9,3,No,Good,Above-7,L
M,Lybia,Lybia,lowerlevel,G-02,French,15,4,12,7,No,Good,Above-7,L
M,Egypt,Egypt,lowerlevel,G-02,French,5,13,6,6,No,Good,Above-7,L
M,Egypt,Egypt,lowerlevel,G-02,French,7,9,11,10,No,Good,Above-7,L
F,Jordan,Jordan,lowerlevel,G-02,French,10,94,40,11,Yes,Good,Under-7,M
F,Jordan,Jordan,lowerlevel,G-02,French,25,89,21,13,Yes,Good,Under-7,M
M,Jordan,Jordan,lowerlevel,G-02,French,30,98,42,21,Yes,Good,Under-7,H
M,Jordan,Jordan,lowerlevel,G-02,French,35,97,41,23,Yes,Good,Under-7,H
M,Jordan,Jordan,lowerlevel,G-02,French,32,88,32,25,Yes,Good,Under-7,M
M,Jordan,Jordan,lowerlevel,G-02,French,25,87,21,27,Yes,Good,Under-7,M
F,lebanon,lebanon,lowerlevel,G-02,French,72,98,52,15,Yes,Good,Under-7,H
F,lebanon,lebanon,lowerlevel,G-02,French,75,90,51,17,Yes,Good,Under-7,H
M,Jordan,Jordan,lowerlevel,G-02,Arabic,20,88,31,28,Yes,Good,Above-7,M
M,Jordan,Jordan,lowerlevel,G-02,Arabic,10,98,41,38,Yes,Good,Above-7,M
M,Palestine,Jordan,lowerlevel,G-02,Arabic,90,98,41,38,Yes,Good,Under-7,H
M,Palestine,Jordan,lowerlevel,G-02,Arabic,80,88,51,39,Yes,Good,Under-7,H
M,Iraq,Iraq,lowerlevel,G-02,Arabic,80,95,21,28,Yes,Good,Under-7,H
M,Iraq,Iraq,lowerlevel,G-02,Arabic,78,70,31,29,Yes,Good,Under-7,H
M,Jordan,Jordan,lowerlevel,G-02,Arabic,10,18,71,38,Yes,Good,Above-7,M
M,Jordan,Jordan,lowerlevel,G-02,Arabic,10,58,51,48,Yes,Good,Above-7,M
F,Palestine,Jordan,lowerlevel,G-02,Arabic,98,88,60,31,No,Good,Under-7,H
F,Palestine,Jordan,lowerlevel,G-02,Arabic,75,81,51,34,No,Good,Under-7,H
M,Jordan,Jordan,lowerlevel,G-02,Arabic,10,17,50,21,No,Bad,Under-7,M
M,Jordan,Jordan,lowerlevel,G-02,Arabic,35,2,29,23,No,Bad,Under-7,M
F,Jordan,Jordan,lowerlevel,G-02,Arabic,10,20,22,97,No,Bad,Above-7,L
F,Jordan,Jordan,lowerlevel,G-02,Arabic,5,9,19,98,No,Bad,Above-7,L
M,Jordan,Jordan,lowerlevel,G-02,Arabic,10,10,40,51,No,Bad,Above-7,L
M,Jordan,Jordan,lowerlevel,G-02,Arabic,35,2,29,23,No,Bad,Above-7,L
M,Jordan,Jordan,lowerlevel,G-02,Arabic,20,90,50,61,Yes,Bad,Above-7,M
M,Jordan,Jordan,lowerlevel,G-02,Arabic,32,82,59,63,Yes,Bad,Above-7,M
M,Jordan,Jordan,lowerlevel,G-02,Arabic,10,30,50,91,Yes,Bad,Above-7,L
M,Jordan,Jordan,lowerlevel,G-02,Arabic,12,22,59,83,Yes,Bad,Above-7,L
F,Jordan,Jordan,lowerlevel,G-02,Arabic,11,20,20,98,No,Bad,Above-7,L
F,Jordan,Jordan,lowerlevel,G-02,Arabic,10,12,29,93,No,Bad,Above-7,L
M,Iraq,Iraq,lowerlevel,G-02,Arabic,69,82,20,28,Yes,Good,Under-7,H
M,Iraq,Iraq,lowerlevel,G-02,Arabic,70,83,29,33,Yes,Good,Under-7,H
F,Iraq,Iraq,lowerlevel,G-02,Arabic,89,92,40,28,Yes,Good,Under-7,H
F,Iraq,Iraq,lowerlevel,G-02,Arabic,79,93,49,23,Yes,Good,Under-7,H
M,Jordan,Jordan,lowerlevel,G-02,Arabic,15,90,21,97,Yes,Good,Under-7,M
M,Jordan,Jordan,lowerlevel,G-02,Arabic,20,77,31,88,Yes,Good,Under-7,M
M,Jordan,SaudiArabia,lowerlevel,G-02,Arabic,4,10,11,7,No,Good,Above-7,L
M,Jordan,SaudiArabia,lowerlevel,G-02,Arabic,5,0,1,8,No,Good,Above-7,L
F,Jordan,Jordan,MiddleSchool,G-07,Biology,88,81,50,10,Yes,Good,Above-7,M
F,Jordan,Jordan,MiddleSchool,G-07,Biology,90,88,54,12,Yes,Good,Above-7,M
F,Iraq,Iraq,MiddleSchool,G-07,Biology,86,98,50,20,Yes,Good,Under-7,H
F,Iraq,Iraq,MiddleSchool,G-07,Biology,90,90,57,22,Yes,Good,Under-7,H
M,Jordan,Palestine,MiddleSchool,G-07,Biology,78,91,50,40,Yes,Good,Under-7,H
M,Jordan,Palestine,MiddleSchool,G-07,Biology,70,98,54,72,Yes,Good,Under-7,H
M,Jordan,Jordan,MiddleSchool,G-07,Biology,80,80,46,61,Yes,Bad,Under-7,M
M,Jordan,Jordan,MiddleSchool,G-07,Biology,85,82,59,63,Yes,Bad,Under-7,M
M,Palestine,Palestine,MiddleSchool,G-07,Biology,88,90,86,81,Yes,Good,Under-7,H
M,Palestine,Palestine,MiddleSchool,G-07,Biology,89,92,89,83,Yes,Good,Under-7,H
M,Jordan,Jordan,MiddleSchool,G-07,Biology,39,71,40,26,No,Good,Above-7,M
M,Jordan,Jordan,MiddleSchool,G-07,Biology,35,80,34,22,No,Good,Above-7,M
M,Jordan,Jordan,MiddleSchool,G-07,Biology,76,81,80,86,No,Good,Under-7,H
M,Jordan,Jordan,MiddleSchool,G-07,Biology,65,89,64,82,No,Good,Under-7,H
F,Syria,Syria,MiddleSchool,G-07,Biology,96,95,70,70,Yes,Good,Under-7,H
F,Syria,Syria,MiddleSchool,G-07,Biology,80,91,87,72,Yes,Good,Under-7,H
M,Jordan,Jordan,MiddleSchool,G-07,Biology,2,9,10,1,No,Bad,Above-7,L
M,Jordan,Jordan,MiddleSchool,G-07,Biology,3,8,19,3,No,Bad,Above-7,L
M,Jordan,Jordan,MiddleSchool,G-07,Biology,50,79,10,31,No,Bad,Under-7,M
M,Jordan,Jordan,MiddleSchool,G-07,Biology,53,88,9,33,No,Bad,Under-7,M
F,Jordan,Jordan,MiddleSchool,G-07,Biology,70,89,12,21,No,Good,Under-7,H
F,Jordan,Jordan,MiddleSchool,G-07,Biology,59,90,19,43,No,Good,Under-7,H
M,Palestine,Jordan,MiddleSchool,G-07,Biology,78,80,66,51,Yes,Good,Under-7,M
M,Palestine,Jordan,MiddleSchool,G-07,Biology,79,72,79,83,Yes,Good,Under-7,M
F,Lybia,Lybia,MiddleSchool,G-07,Biology,10,9,2,1,No,Good,Above-7,L
F,Lybia,Lybia,MiddleSchool,G-07,Biology,9,7,9,3,No,Good,Above-7,L
M,Iraq,Iraq,MiddleSchool,G-07,Biology,98,90,86,71,Yes,Good,Under-7,H
M,Iraq,Iraq,MiddleSchool,G-07,Biology,89,92,89,83,Yes,Good,Under-7,H
M,Palestine,Jordan,MiddleSchool,G-07,Biology,88,90,76,81,Yes,Good,Under-7,H
M,Palestine,Jordan,MiddleSchool,G-07,Biology,99,96,89,84,Yes,Good,Under-7,H
F,Jordan,Jordan,MiddleSchool,G-08,Chemistry,82,89,22,31,Yes,Good,Under-7,H
F,Jordan,Jordan,MiddleSchool,G-08,Chemistry,84,92,29,43,Yes,Good,Under-7,H
F,Jordan,Jordan,MiddleSchool,G-08,Geology,70,69,46,45,Yes,Good,Above-7,M
F,Jordan,Jordan,MiddleSchool,G-08,Geology,74,62,49,43,Yes,Good,Above-7,M
F,Jordan,Jordan,MiddleSchool,G-08,Geology,90,79,76,79,Yes,Good,Under-7,H
F,Jordan,Jordan,MiddleSchool,G-08,Geology,84,77,79,68,Yes,Good,Under-7,H
M,Jordan,Jordan,MiddleSchool,G-08,Chemistry,80,80,62,11,Yes,Good,Above-7,M
M,Jordan,Jordan,MiddleSchool,G-08,Chemistry,81,82,69,13,Yes,Good,Above-7,M
M,Jordan,SaudiArabia,MiddleSchool,G-08,Chemistry,10,0,2,41,No,Bad,Above-7,L
M,Jordan,SaudiArabia,MiddleSchool,G-08,Chemistry,11,2,9,49,No,Bad,Above-7,L
M,Jordan,SaudiArabia,MiddleSchool,G-08,Geology,85,89,22,61,No,Bad,Under-7,H
M,Jordan,SaudiArabia,MiddleSchool,G-08,Geology,80,89,23,68,No,Bad,Under-7,H
M,Jordan,SaudiArabia,MiddleSchool,G-08,Geology,95,87,62,81,No,Bad,Under-7,M
M,Jordan,SaudiArabia,MiddleSchool,G-08,Geology,87,79,73,98,No,Bad,Under-7,M
M,Jordan,Jordan,MiddleSchool,G-08,Chemistry,85,87,72,10,Yes,Good,Above-7,M
M,Jordan,Jordan,MiddleSchool,G-08,Chemistry,79,88,79,20,Yes,Good,Above-7,M
M,Jordan,Jordan,MiddleSchool,G-08,Geology,80,81,71,30,Yes,Good,Under-7,M
M,Jordan,Jordan,MiddleSchool,G-08,Geology,70,83,70,23,Yes,Good,Under-7,M
M,Jordan,Jordan,MiddleSchool,G-08,Chemistry,80,82,76,19,Yes,Good,Under-7,M
M,Jordan,Jordan,MiddleSchool,G-08,Chemistry,70,82,75,29,Yes,Good,Under-7,M
M,Jordan,Jordan,MiddleSchool,G-08,Geology,89,87,86,15,Yes,Good,Under-7,M
M,Jordan,Jordan,MiddleSchool,G-08,Geology,90,86,85,10,Yes,Good,Under-7,M
M,Jordan,Jordan,MiddleSchool,G-08,History,69,77,76,75,Yes,Good,Above-7,M
M,Jordan,Jordan,MiddleSchool,G-08,History,70,76,65,70,Yes,Good,Above-7,M
M,Jordan,Jordan,MiddleSchool,G-08,Chemistry,75,72,64,39,Yes,Good,Above-7,L
M,Jordan,Jordan,MiddleSchool,G-08,Chemistry,72,76,66,40,Yes,Good,Above-7,L
M,Jordan,Jordan,MiddleSchool,G-08,Geology,77,82,74,79,Yes,Good,Under-7,M
M,Jordan,Jordan,MiddleSchool,G-08,Geology,71,84,67,80,Yes,Good,Under-7,M
M,Jordan,Jordan,MiddleSchool,G-08,History,87,92,74,89,Yes,Good,Under-7,H
M,Jordan,Jordan,MiddleSchool,G-08,History,81,84,77,85,Yes,Good,Under-7,H
F,Jordan,Jordan,MiddleSchool,G-08,Chemistry,15,97,22,10,Yes,Good,Under-7,H
F,Jordan,Jordan,MiddleSchool,G-08,Chemistry,19,98,20,2,Yes,Good,Under-7,H
F,Jordan,Jordan,MiddleSchool,G-08,Geology,25,82,52,20,Yes,Good,Above-7,M
F,Jordan,Jordan,MiddleSchool,G-08,Geology,29,78,40,12,Yes,Good,Above-7,M
F,Jordan,Jordan,MiddleSchool,G-08,History,45,87,57,80,Yes,Good,Under-7,M
F,Jordan,Jordan,MiddleSchool,G-08,History,39,88,43,72,Yes,Good,Under-7,M
F,Jordan,Jordan,MiddleSchool,G-08,Chemistry,85,90,52,30,Yes,Good,Under-7,H
F,Jordan,Jordan,MiddleSchool,G-08,Chemistry,79,91,49,22,Yes,Good,Under-7,H
M,Iraq,Iraq,MiddleSchool,G-08,Chemistry,90,91,80,81,Yes,Good,Under-7,H
M,Iraq,Iraq,MiddleSchool,G-08,Chemistry,80,90,80,83,Yes,Good,Under-7,H
M,Iraq,Iraq,MiddleSchool,G-08,Geology,80,83,82,71,Yes,Good,Above-7,M
M,Iraq,Iraq,MiddleSchool,G-08,Geology,71,81,83,72,Yes,Good,Above-7,M
M,Iraq,Iraq,MiddleSchool,G-08,History,72,87,72,89,Yes,Good,Above-7,M
M,Iraq,Iraq,MiddleSchool,G-08,History,69,77,83,92,Yes,Good,Above-7,M
F,Jordan,Jordan,MiddleSchool,G-08,Chemistry,85,99,42,90,Yes,Good,Under-7,H
F,Jordan,Jordan,MiddleSchool,G-08,Chemistry,89,96,45,92,Yes,Good,Under-7,H
F,Jordan,Jordan,MiddleSchool,G-08,Geology,80,82,64,58,Yes,Good,Under-7,H
F,Jordan,Jordan,MiddleSchool,G-08,Geology,87,93,63,60,Yes,Good,Under-7,H
F,Jordan,Jordan,MiddleSchool,G-08,Chemistry,15,9,14,80,No,Bad,Above-7,L
F,Jordan,Jordan,MiddleSchool,G-08,Chemistry,9,6,15,85,No,Bad,Above-7,L
M,Palestine,Jordan,MiddleSchool,G-08,History,81,86,86,41,Yes,Good,Under-7,M
M,Palestine,Jordan,MiddleSchool,G-08,History,78,82,78,53,Yes,Good,Under-7,M
M,Palestine,Palestine,MiddleSchool,G-08,Geology,80,87,74,68,Yes,Good,Under-7,M
M,Palestine,Palestine,MiddleSchool,G-08,Geology,85,88,79,70,Yes,Good,Under-7,M
F,Jordan,Jordan,MiddleSchool,G-08,Chemistry,2,7,4,8,No,Bad,Above-7,L
F,Jordan,Jordan,MiddleSchool,G-08,Chemistry,5,4,5,8,No,Bad,Above-7,L
F,Jordan,Jordan,MiddleSchool,G-08,Geology,50,77,14,28,No,Bad,Under-7,M
F,Jordan,Jordan,MiddleSchool,G-08,Geology,55,74,25,29,No,Bad,Under-7,M
F,Jordan,Jordan,MiddleSchool,G-08,History,30,17,14,57,No,Bad,Above-7,L
F,Jordan,Jordan,MiddleSchool,G-08,History,35,14,23,62,No,Bad,Above-7,L
